"326,100,352,1,2",match
"b,327,93,2,353",match
"183,105,274,14,5",match
"m,324,168,220,389",match
"m,467,415,181,129",match
"m,350,233,441,259",match
"235,443,391,142,155",match
"393,242,451,480,55",match
"196,66,55,b,c",match
"n,208,78,447,448",match
"b,197,67,236,237",match
"c,198,68,244,245",match
"d,199,69,446,472",match
"e,187,109,278,18",match
"e,200,70,395,239",match
"f,201,71,396,240",match
"i,203,73,398,242",match
"j,204,74,399,55",match
"55,55,55,400,244",match
"l,206,76,401,245",match
"m,207,77,350,467",match
"n,338,104,364,52",match
"n,377,312,55,50",match
"n,286,26,429,39",match
"b,184,106,275,15",match
"n,65,91,273,299",match
"n,325,169,221,390",match
"n,468,416,182,130",match
"n,351,234,442,260",match
"n,143,156,403,182",match
"196,66,55,455,481",match
"68,199,55,55,204",match
"7,h,i,j,55",match
"h,332,98,358,46",match
"h,371,306,189,111",match
"c,185,107,276,16",match
"h,280,20,423,33",match
"h,59,85,267,293",match
"h,319,163,215,384",match
"h,462,410,176,124",match
"h,345,228,436,254",match
"h,137,150,55,50",match
"h,449,475,72,202",match
"332,306,46,280,20",match
"319,241,59,215,267",match
"326,1,93,353,2",match
"d,186,108,277,17",match
"365,302,43,355,301",match
"18,369,304,185,277",match
"53,83,28,420,370",match
"287,313,160,190,86",match
"209,381,460,165,321",match
"456,99,107,422,55",match
"118,222,179,413,341",match
"225,122,348,114,226",match
"131,144,430,248,349",match
"232,258,432,148,253",match
"e,330,96,357,44",match
"235,443,391,142,155",match
"393,242,451,480,55",match
"196,66,13,455,481",match
"68,199,55,55,204",match
"18,369,304,185,277",match
"417,27,53,79,6",match
"f,421,31,57,83",match
"b,418,28,54,80",match
"326,1,93,353,2",match
"c,419,29,55,81",match
"d,420,30,56,82",match
"e,421,31,57,83",match
"f,331,97,357,45",match
"f,188,110,279,19",match
"53,83,28,420,370",match
"261,287,313,157,8",match
"i,268,294,320,164",match
"b,262,288,314,158",match
"c,263,289,315,159",match
"40,365,300,3,4",match
"d,264,290,316,160",match
"e,265,291,317,161",match
"f,266,292,318,162",match
"i,333,99,359,47",match
"i,372,307,190,112",match
"i,281,21,424,34",match
"287,313,160,190,86",match
"209,378,456,404,9",match
"j,217,386,464,412",match
"b,210,379,457,405",match
"c,42,367,302,353",match
"c,211,380,458,406",match
"d,212,381,459,407",match
"e,213,382,460,408",match
"f,214,383,461,409",match
"i,216,385,463,411",match
"j,334,411,360,48",match
"j,373,308,191,113",match
"j,282,22,425,35",match
"j,61,87,269,411",match
"209,381,460,165,321",match
"c,328,94,354,3",match
"456,99,107,422,381",match
"170,118,339,222,10",match
"k,179,127,348,231",match
"b,171,119,340,223",match
"c,172,120,341,224",match
"d,173,121,342,225",match
"e,174,122,343,226",match
"f,175,123,344,227",match
"i,177,125,346,229",match
"j,178,125,347,230",match
"d,43,368,303,4",match
"k,335,101,361,49",match
"k,374,309,192,114",match
"k,283,426,36,62",match
"k,88,335,296,322",match
"k,166,218,387,465",match
"118,222,179,413,341",match
"225,122,348,114,226",match
"430,248,131,144,11",match
"b,431,249,132,145",match
"b,431,249,132,145",match
"d,329,95,355,95",match
"c,432,250,133,146",match
"d,433,251,134,147",match
"e,434,252,135,148",match
"f,435,253,136,149",match
"i,437,255,138,151",match
"j,438,256,139,152",match
"l,439,55,55,50",match
"l,336,102,362,50",match
"l,375,310,193,115",match
"l,284,24,427,37",match
"b,41,366,301,367",match
"l,63,89,271,297",match
"l,323,167,219,388",match
"l,466,414,180,128",match
"131,144,430,248,349",match
"232,258,432,148,253",match
"391,235,443,469,12",match
"m,402,246,454,480",match
"b,392,236,444,470",match
"c,393,237,445,471",match
"d,394,238,446,472",match
"365,302,43,355,301",match
"e,395,239,447,473",match
"f,396,240,448,474",match
"i,398,242,450,476",match
"j,399,55,451,477",match
"55,55,55,55,55",match
"l,401,245,453,479",match
"m,337,103,363,51",match
"m,376,311,194,116",match
"m,285,25,428,38",match
"m,64,90,272,55",match
